{
  "method": "composite",
  "weights": {
    "BOLL": 1.95,
    "MACD": 1.13,
    "KDJ": 1.5,
    "MA": 0.88,
    "DUAL": 1.39,
    "RSI": 1.82,
    "PE": 1.68,
    "PB": 2.0,
    "PEPB": 1.61,
    "NEWS": 0.32,
    "MONEY_FLOW": 0.3,
    "SENTIMENT": 0.32
  },
  "performance": {
    "stock_count": 299,
    "avg_return": 9.622240802675586,
    "median_return": 7.82,
    "avg_sharpe": 0.07334448160535118,
    "median_sharpe": 0.08,
    "positive_return_pct": 0.6755852842809364,
    "avg_trades": 22.50836120401338,
    "elapsed_sec": 2326.8
  }
}