{
  "sharpe_based": {
    "stock_count": 299,
    "avg_return": 8.608963210702342,
    "median_return": 6.77,
    "avg_sharpe": 0.05729096989966556,
    "median_sharpe": 0.02,
    "positive_return_pct": 0.6655518394648829,
    "avg_trades": 25.54515050167224,
    "elapsed_sec": 2357.5
  },
  "composite": {
    "stock_count": 299,
    "avg_return": 9.622240802675586,
    "median_return": 7.82,
    "avg_sharpe": 0.07334448160535118,
    "median_sharpe": 0.08,
    "positive_return_pct": 0.6755852842809364,
    "avg_trades": 22.50836120401338,
    "elapsed_sec": 2326.8
  },
  "rank_based": {
    "stock_count": 299,
    "avg_return": 8.964849498327759,
    "median_return": 7.45,
    "avg_sharpe": 0.0688628762541806,
    "median_sharpe": 0.06,
    "positive_return_pct": 0.6822742474916388,
    "avg_trades": 19.779264214046822,
    "elapsed_sec": 2322.3
  },
  "current": {
    "stock_count": 299,
    "avg_return": 7.2263545150501685,
    "median_return": 5.73,
    "avg_sharpe": 0.0022073578595317805,
    "median_sharpe": -0.02,
    "positive_return_pct": 0.6655518394648829,
    "avg_trades": 32.448160535117054,
    "elapsed_sec": 2300.0
  }
}