{
  "MA": {
    "stock_count": 836,
    "avg_return": 17.337344497607656,
    "median_return": 3.465,
    "avg_sharpe": 0.07373205741626794,
    "median_sharpe": 0.05,
    "avg_win_rate": 23.273755980861246,
    "avg_max_drawdown": 30.069892344497607,
    "avg_annual_return": 6.7625358851674635,
    "avg_trades": 19.851674641148325,
    "positive_return_pct": 0.5514354066985646,
    "positive_sharpe_pct": 0.534688995215311
  },
  "MACD": {
    "stock_count": 836,
    "avg_return": 16.861303827751197,
    "median_return": 5.73,
    "avg_sharpe": 0.08229665071770333,
    "median_sharpe": 0.08,
    "avg_win_rate": 33.75331339712919,
    "avg_max_drawdown": 29.280705741626793,
    "avg_annual_return": 6.506016746411484,
    "avg_trades": 24.857655502392344,
    "positive_return_pct": 0.5789473684210527,
    "positive_sharpe_pct": 0.5586124401913876
  },
  "RSI": {
    "stock_count": 836,
    "avg_return": 15.481794258373204,
    "median_return": 9.735,
    "avg_sharpe": 0.14004784688995214,
    "median_sharpe": 0.125,
    "avg_win_rate": 61.73838516746411,
    "avg_max_drawdown": 27.689270334928228,
    "avg_annual_return": 5.057428229665072,
    "avg_trades": 12.582535885167465,
    "positive_return_pct": 0.666267942583732,
    "positive_sharpe_pct": 0.5897129186602871
  },
  "BOLL": {
    "stock_count": 836,
    "avg_return": 17.409796650717702,
    "median_return": 12.655,
    "avg_sharpe": 0.18233253588516748,
    "median_sharpe": 0.16,
    "avg_win_rate": 67.04874401913875,
    "avg_max_drawdown": 24.381854066985646,
    "avg_annual_return": 5.199078947368421,
    "avg_trades": 9.880382775119617,
    "positive_return_pct": 0.7248803827751196,
    "positive_sharpe_pct": 0.6375598086124402
  },
  "KDJ": {
    "stock_count": 836,
    "avg_return": 15.88961722488038,
    "median_return": 9.2,
    "avg_sharpe": 0.1354425837320574,
    "median_sharpe": 0.11499999999999999,
    "avg_win_rate": 48.85458133971291,
    "avg_max_drawdown": 27.739796650717704,
    "avg_annual_return": 5.270322966507177,
    "avg_trades": 28.568181818181817,
    "positive_return_pct": 0.645933014354067,
    "positive_sharpe_pct": 0.5813397129186603
  },
  "DUAL": {
    "stock_count": 836,
    "avg_return": 17.684521531100476,
    "median_return": 2.175,
    "avg_sharpe": 0.022057416267942585,
    "median_sharpe": 0.025,
    "avg_win_rate": 21.89708133971292,
    "avg_max_drawdown": 29.49303827751196,
    "avg_annual_return": 5.724629186602869,
    "avg_trades": 32.18421052631579,
    "positive_return_pct": 0.5263157894736842,
    "positive_sharpe_pct": 0.5179425837320574
  },
  "DUAL_REV": {
    "stock_count": 836,
    "avg_return": 20.96846889952153,
    "median_return": 15.94,
    "avg_sharpe": 0.23681818181818182,
    "median_sharpe": 0.24,
    "avg_win_rate": 43.899521531100476,
    "avg_max_drawdown": 32.05287081339713,
    "avg_annual_return": 6.58933014354067,
    "avg_trades": 44.53349282296651,
    "positive_return_pct": 0.6758373205741627,
    "positive_sharpe_pct": 0.6447368421052632
  },
  "PE": {
    "stock_count": 812,
    "avg_return": 18.51070197044335,
    "median_return": 8.175,
    "avg_sharpe": 0.24899014778325124,
    "median_sharpe": 0.135,
    "avg_win_rate": 56.13923645320197,
    "avg_max_drawdown": 17.1707881773399,
    "avg_annual_return": 7.274470443349755,
    "avg_trades": 2.8805418719211824,
    "positive_return_pct": 0.6206896551724138,
    "positive_sharpe_pct": 0.5640394088669951
  },
  "PB": {
    "stock_count": 812,
    "avg_return": 21.191600985221676,
    "median_return": 16.58,
    "avg_sharpe": 0.38274630541871923,
    "median_sharpe": 0.37,
    "avg_win_rate": 68.90405172413793,
    "avg_max_drawdown": 20.336600985221676,
    "avg_annual_return": 8.802401477832513,
    "avg_trades": 3.9408866995073892,
    "positive_return_pct": 0.7598522167487685,
    "positive_sharpe_pct": 0.7302955665024631
  },
  "PEPB": {
    "stock_count": 812,
    "avg_return": 14.66334975369458,
    "median_return": 5.949999999999999,
    "avg_sharpe": 0.22368226600985222,
    "median_sharpe": 0.08,
    "avg_win_rate": 53.18151477832512,
    "avg_max_drawdown": 14.350258620689655,
    "avg_annual_return": 5.735554187192119,
    "avg_trades": 2.394088669950739,
    "positive_return_pct": 0.5899014778325123,
    "positive_sharpe_pct": 0.5320197044334976
  },
  "MONEY_FLOW": {
    "stock_count": 836,
    "avg_return": 0.0,
    "median_return": 0.0,
    "avg_sharpe": 0.0,
    "median_sharpe": 0.0,
    "avg_win_rate": 0.0,
    "avg_max_drawdown": 0.0,
    "avg_annual_return": 0.0,
    "avg_trades": 0.0,
    "positive_return_pct": 0.0,
    "positive_sharpe_pct": 0.0
  }
}